# localSAP(128 hex),gp(128 hex),x9head(20 hex)
0001e4e3dd688293e6fa66b95ba41768e587c65f750218ff1be21543d573cefb087bd36e0c6363c3c8242f4abcfa6d660b801032015405eb4ab04dda7aeff38ffb36f4cfa48f0b5d92ae363f68b45925bbe6413ab6bdc4968f548d21e67d20f1912b6820e53f1013cde29df7350a9b9fa7c51320aea62d2949786c87642e34ba,cbb21200dbd385a2502bc4e57d2666e9b9c448be6ca35357acaa2b5c9c204ae883a610b2aabcf772115b8778c66e8d5456e35747b0d6ef1e8ef6219d4a0ce6f4943884d8251abd72baadaa323c0f5ec00ee134937011bd20db28916e4973893b706a6f6b0207a84f36e6c6f42d2a3a0775ff223fbc47052ef4d5f8e0a9700ebd,ff5d28ba63454ba45576b391df8fc990168f8a2b
62c6f6d0db5a993f185a7f4119883e68ed3897f45c23b951b8c72394aa7343519f93d89857cfee1f55edaeebbf86d1f643ebfa8d19aa10a1f67cb108164830c21ca1e8281ccc64afcb472ab46e4b5fb1cd730bd23e1e585d85596469407265c8385ec38d72c4bf387b73d2ca2fd87f33c229ebd5814f9fad389258b98918ca64,25bb18385087ac617585d12b460662c1f8c1a6d9ae76517e06699e108c2c4a08a1fb1dcb8fca8826c89841a574fff45792834a49f121cb754f9f60fbc5f0c92ee5283984984de90489f5d95eaffd39ae5a1b0de59345b048cfe55bd6b62b2e1765b7010745cd96e0bf99d4af6ae072faeb81863b61db7094b873b7fefc36b78b,af8059c7339fb867afa1b7e8c3de8714e3ae52ba
acf77b89e258a8fbd4024f7613e0c6eb6de4ee8d1ba95c18f74a9d546da8d74018dcc4a549f360ef605b1a3fc7514ad64f40dcd414b8bef638e3878d80709e319e7705388a7f6604b6f08f12a206bbf227428f4e0a3d943303c2642772ec668ec8469ee876f3f72fb4e357dd525e7408213071d5e47f836d6736ec2d73046437,10a4833c500c008a0c91a243a3d4b97f56edab1e9833221f8dd5470e3a03efb65ff171b81d8ac1050e49e993f7e173057f876e43fe7b90232ee649e5ee3558e438bf41a7d61e801278ad9c6b12f08726febc2fc165c760e74d03cf2998d8a26176d6daed175f87a73b31199dd075b5e8b6555b594808ea34b7db482590ce2f19,8be3c26620b4fa8600426fc088905267e3a29f5a
f0f5b8e07aeebf80d3e87d1eff5b09804baf3a49b385f3a95a5505225c7f23f7a8d74b16ea42df4bb34bd7ea3ced9d8f3438fac4a4413b1883ca7c5054aa3a3474a967d75ec68a3ff6bc5657c97371013d5a41a486f0cad5a933c0765256243de2332b972ecd92644007d9305c05f307e0e5ed879c15f915dc2d67e8c625feb4,787acbe99ffa9014f184c2532def2f6f1fa9cbb5cc1c492da1d15c7b778dfced94bfd45d45ecd2f5cd1057d639ecfed848daa3e9ce1d3f78ec1130817f379d6f25373627139e83f4c9af71d57c6afee3aa42ef4bfb418b21b709816d2cd47cd8c206fcd7625b159126dd67405c0bbec2891d3c1d3caf944d74d6f494133501e4,e34985af8ed3563e492c3b70db1a2d800c37a890
25cf2ed4e0393f468c4df16033ab227e1a1b95d72afa4c45981b6543c8c8261457c7209334fd2c8732312c78c2215dc754e7290c179672fb55b992d6556a631d32eda9394106e83817d1f976618a68fe4e2670e0c626f30bc2debe97f4237ef7f10a25b118627e79ef50af30fe539628d3a5c78d3a6cd17bb088180b6f3dd1da,83c382a4775adafc7291620e722e92ad5c6991f6f2d65e7c05b3ef5ec555a733cf5cc12c8a4e1a680afbbd303dcf3f67724f661a000211c9acfd71e63b9a2d6563a991bb515a5015b9c09883a2e6b8e56378a01b5cef27aca9007e190d61d1f676724e13e323d5e077d99fa3b73788fd3c3abe3c3691d6051c58e5b208d9df4d,d7cc48ef9ded57ab4751acbadd536f77161b85f1
0967582177aa50f5d37f312b8158f37e67a1fc5a5471c093a6aff78f30ed531b2fc32d063f72be0ab08ff05dd4753d8eb754db7f6d1fcfe38d9ce83a0e40b4797de534733dd2d4015ed8b34a953a2550a1071840b658763360a4f608a9460c035ed9a574e329ca7b8070cd007ba8d025eb759f52f32db4cad1b5165c31e8d26d,f4c20647d67b721ce66d1455a4735f6fb30dc6aeb45f6875616579171b8cc18d70248e781c31706c2d1599c2e00491be71073a2dc02939a218b5db86237bcbbcf5e58d4d5cecff7e112fe14ca3598bd1987df47579c3052932492a3206efcf052bdd0aacfcf2a40f5f5cf7b34832cc05e99ef0cfff3edfee66fd503c62141d95,514d29cb389e62aff0d26e4e556040fb2a3779fb
55427c8b2ec775731454f99bf205791f68b37b5d8f6b897cb4dd674518b5326e7d3d01341493a7fdc4db9243a3b0af7780dbd22c1162b315c2a4b237a2e6195a4e7aa83c930f2aa3cb3eb8d5d3c8530593e1d6d365e2c232412365e417b92cdc036f8bfb61588a9d4f2ed8864ad52f487542784bcc72a61f798d791e3383d9ad,4e9c2dae4deaae602c56b609a6362182bcb9f4603a2cc93e8ec94d636cbd824d4a0b2826097e4807853cfc035cce3ff538fad57268a5570c297ac76b4252d2fe1ee0979802378e93a047020e24790ce4adcc7f9a8ccadb5a5bcd14c8461e60a051a00a9199618273abced2893d2870f531c4761eaa9d8358cb9fd132e6ce74f0,15e368a9973f79bf793523424e40469a7d273182
ca297dc5087d32616b12423d129f6e67f2871cb48afaac85de0697a4a1092987ad596e8b6b0dfad293a3a6a4123bb3899cec804b5dd29351a5ecb3d1b8e80845165d1be422aea46f396a049ff10bbd89011cdac9623156edb78691cac505589f9580c0f7cc2d93869f732781f5e6b8aa1c64787ba3febf71cda0008bc1a8f334,3da222887966edfa075fd1e1c39445f5010a0717249c35ca9b1cce65e8f61912faabe77cebdacb94be57e0cf72c3669ec74ae8d4f6631e42817a1b90b5dce799eafee122922850d61a0c4a4fe77fba9c199d54541c7f918af2f3f162e8d6fba76fe54661cd1ca6b6f93ce0f4a4b1e5867ada9432cc5a3be3b53d4cfbf9d472eb,97ea079f558595661b9057e86850d72aa2084356
701929486dce7ff790193fc0454803c142a6b56adc476e7683cd4a4bcfb436d65af842023385e82b386e3f2dea0747755b8555c87d0996460178412d908140aa43b7e23bcd2c10f7eaab52aa8d42c07ad1b0e8c92dfb057c2b7138937713742340036b30f218eeaf9fe5e7e69b56be2180f8f71c8d36fb60715e54debfb3f184,9414965c0744d6552a29ad6a61fbbef2d7fd5d0c78747efdcc5991729544b9463cefb5abda3b6ce229a1b2606cfdf21d599f814d266eaedb78b021cae2d0aa9063e89583cfa346cfc3fbf3902868b263ecc1c66b4f1d9628e699cea13c13308547d96787a712c3ad0575f23a4ec049076bd02b4b638f42374f8bb5b7bb83699f,956843e05f49da4ab695d249fd242f9f7b79b654
32582a0652624151f23de3ec4c6be0a14e8e1cd0b96ecc5b5abf6302bba28559d2c4732bd322724ca72150c5e76f3c9ab75bc59ea5a609d8c30a686a0c1bb50bb0d21ff02c761047ab74fff2f695cb04ed6009172b0343210355fb5d9ccb2f729aedbba705d0b9a588b107d2d9e895c31854d61c1b367bfa4398daa5b58602f9,c097f91780328303f4f8e81707d0a247964a0e92451464569a812086ed978455138816a35f99a3faae647d1b3db8ed58effd20f2a803261b63dd32db646243711ce65235acc1fbc6a8bb425cfcadfb58df26ecea606e296ed7eb4deddbe1d981a73ccebe5471779158ea0992548e75491724551d40907bc99ceb20233a491d17,02c7d825c9998fe50324ef32c0002af435d95242
98ca63a9b767cc9c0e1223bf8ebea380fe43ff138e7f66b58014b185e2dbeb00594e219a2674bd9ce2df34bd93956335d722286a7f997b989b978b364b3f57a88ba005344ddbe87290cfa756c451a71e54a2498e9e7507a905eedecbd5e7f6e414470756e2a4b571d70ccd6b8a2c366b2c040bbf002d68b7413394b72979b6b0,c63ef635478c507b37b89d253928a1eb30dcf3dbf46d2268d2a1734c6367560c3cf8bb6a4f6b6e49c5ff7f0ad5409404bfd742213da4ae4bd5e0fec4208408a555aa66d6a471f8e492722b06edc1de360ef1e1d39b40d60dfd41897ffa3e9e885ce14a614d014eb465582690ca9768fe50991b6d4a3fee13296156361aa27030,0fa6c02efe3a6e25f8950c1202a00a31224f58e0
68450154769691e1ae56e5ef2bd0a15d568ef29bc61a36d1180f1871a62312df67a54a8a830361e323b4a71922bcd0aaeecdecea4861b48811cef53e571cad77380aa7c75c665f2d289133eaa552665503ef049d83e796b9cb01749ead07a8a569173efed094631bde88e8065909911428b9238d27276dd77a3ee15dfaec8b7e,8f3dcb9d99ffaddab8c49b10a1306b2ecb49e143d0ea893f12910a84f8b66ade91b519716e0b5a3ecdfbc6b82522444505f3279f4382f9ff031d91b640ea9329c52e209efad14c725882a407c204a5451464ac83d50faceea6fdf04eeb09283d9db1c6366c1bc379399da825043845ede6b60677ef4a5713e103bc3acb071fcd,8091791e04d01e3fc36804c5b5964fffb90fe87c
8377b1145357587723ae97837bfdd7dee9ec80e7025b81eef0a42e0acf253e412b1ebf46d622ee776d5b71dba061f0048a1751244a6984ad1dd4646353677616dd4b73c07b87b54a3f03d595c50c044fdd02001b7e0c52eb332ff0d5a21ec2e6f8bbf829b719b8c399d05201e1f3d839d995891e39f97670c2e84fa6bc4badd6,6a5e5a5031a50d86581967594445922a44baf3aa1871e26343478d2f1a79fbd4af0d67b37cec8ff24c5a73654f73db9164fb10724a7f1a8820967b9fc319d82e1f78f529ed38a5ad51e6f82ee6a1502855aa80b45029e44c64387c2239222f141a9f9516bb2a71418f883547844e964195749f525d37fd88a78ff5fd4ff959ab,041b51ea087a7b00162da08de9a3d034944a82fd
1572928e9ab30b08c212426baa23d29ca9255973a7b9a2a0ba6f284fb1316b030e6438f62c7dc7e1a4bef06221c26c87b92cbae19f90e01684369c066c488fd3f6b70d971ae7501c6a4f142e850f6ed0ad2fd59b15abbb44f448827191dd73c75dd8816eee959f4e0eb913a2317b7036de5d307e2d30f45a0b61c3da678a1fd8,a3b27a52db5fc794ac7d31ae68fa88b2267636d72844f7ae3fef07190e9bd8cc023144ca6d971e1a61d7f8b969c6844537b246714a5a2c330ff125fd591751ffdc151a6d3a8073a4d91501eb781a91b79e8362809e90701b94b7b1c04e9c2eb6945c302d722e69fa5fe23a27e81501e3bd4c8198015ac3d581213639036dc589,f37727fbd5b00c856fc67056c2ab1c0d536f916e
d85a5e6ffe85319909df3598460ecbb592236654b57377c9011c34609ee06774722b62e2bcaef143f10ac2a103dcdbd4bfe9ca6e82df0d338f3140875a32cbb365a2d2d36bac33c8ed0feca1aaf4f47698e3e656d2520bccc908c951567f12b151d6d481b54002b1a0d9bfb56e239bbdfd91a94054993ac2a6606523b712ec44,1fdec0178ba84a1b5a488dce6024aa605489b2e0c14b607821d7a9cd944474ab398c849d4aef9263df821b9ce3d7299aa86f794f6162e073819975c9bb7c740d7e0bfbe4003341b2fae2a86daa0734e8265165bc807dc8e907c9cc0f71241d32e644efa9180dcb5803466483520815b352ab5469d248eaf85b1996fcb14c001f,09b9ad32e7d1e8876399b06885df54401e649681
ee99a66ddfc3787c7560f33ca503c073b664e05ac64ad0749cecc4fd63d41d18216382b2657ad38cd50b8406fcf234716b672956393ac125a2d871428b6e7aaad5e5115e01eafd8e9fa6bcc08c684ec782adcc45426d10816c968f7b93e70a28a8dbaea144aae47ea77dc82eabd125be3832d893bbfc4a1ee4c6f8da28722f76,652e5dd5d9d2ae4dc772ee9f687016dca48bb7e5dea232dbf738a2700844477b1f9851dfbb82b5fe7bedf2ea52b6958a5f77c7e329bd717ef4a39640c968530bf5ee1352a7662be3739ffa81355f39d4369f1f76319bf822916301d6b15dd78b5b7f4210f56d7c1058b5a26224a8509e5f6a67757292c4d99d49f7a8d67395a5,a987cd8dc513f7422b5ca181523403c93ea0f8c4
f4bd77c2f4c21c341ee79bd44016b7bc5a118a736b59c4de1786896bd5fe9d95041c636b6d40afd16510bf12c35b45639059208ff5f5a371dbbd8b125301af338e6a4dca816e27234169c560df0eb3bdf2f3e1ff84da019d6dad4ec964f9dfddd954ccec47651f80613c53a6f7112c056ff9e58ea08eb5c404c3dbe7744b9fa7,acf7eff0258f9cdb865b948234a0db69afcbe8c9b6c9e4e6410da2d70fc99eba3a416463ac90041e47ec39a606f34e14ef330f0514d8d5102f091add35178bc31ed4437c5fcc09a7c2a25a53165ae5359397718aeeff652552e045ef7ef27b778547e1e770d5a32ec22081adbb162920c0914af23b6a8d85d2d1ad262f771a07,73d74f13c9cc91f526e327590121804a70547487
ed793fe1c2494e45fb0c963babc140d8be2bd23d27ebf20d5ce25572997ece3407ce46019d6b7f55e7dab6f0c192beb634df8590bedf9166ced5dbbc73a683a02d54b78326c2c76c7b42ceb8b5d944c70adce3fd7e238e8d3163f7d8499dab155dc43ffec0b15875e463fe7423ecda590cfb4bcbb7668a2105d41327d3cea3b6,6159a555b3d1aa384b7413b1be22fd8542a55bdbbb9571670b84601c4599f77b1f4d1713d77cbd158b15a3168ed8bb54e843fe6ed3011ccef1a4c7257440417feffc43733d66a525998d7999022153168fd54886f00c2d450924f7cacdd13d3cbc98b3b4e0a4b68bb5d8320cffa6d5999019118ee2f6222c072f940a1ac23ff7,4df5dc42786df220b51d9edf83f25a77b26ea6eb
f018990bf2d0c3b00fb605df43a4b7714facdebb20e024065de02568a3bed07160f58fa66cda0a21993be3e37d5dc1265f052ebf9494d19fb207d2c23c88af1b99f39e2e67533603497456e689c72fc8b7d81e5b3a6479260f308a8685e6014e5daf85a4f617fb8a47768857248159d9a9251c7678275c965c660b779dd6ae45,37a58800800c3ec988dd1d4d5697ac89a3d0e45d220f161e31f781ff8c433bccaf7c1c7132e38ab5b95acf37eecf316ee6ec89f4701a20104bbfa3210ca92089809345c0912da74dc554dd5fbcab7189f8ac81359528150849dc75d6cced9a448d9ef7e81b331be3ab4bcfb67577140f72e41f5f14fe6af6cb93e437e824ceb0,80bb42db68301fe1006e05042ad124a367bef597
f34ff4f80dbe8c3f52027441c06ebe95fe71bae4e4dde2f5ec2915f247aa4acd85d349c765e719bf727e8cefa09133263c1e8c88f8cd2cb4e47f8f6c8a6afc1988b250ab989c2688692b0b4453aa6a37211f3535ee1673f595fff5adc29998b9af20d2a0a357dd6edd04341f0cbdda41ea093e9a31b7a525d927eb2d4570d6aa,55d3b4949aa7549fd5373d5eb4c9f6dad9e5e5174bce0f5b37af3b8f0369662ddc44c41e80ef6093979cd384b23733107ebfb85889d29500431c98c79d9f8d1e4f88e19cf6403c7b92345378d1f62c6f47739f1f6f169133f06cd31ef1168a240f49be374ba2ad4a97c6787a9dfd608dbef9d97cc2ff2c8f9b3c845c3c3c53eb,bbfca6c3bde945080fc707cdebd465f10e533a22
7da7601d76ee2f37c2d38f06f97e793c5d695d8161c2faadc1df2d48d62feddc6e64ea11c70880946a301b1635e6a469c31c7120944fbc1b668ae9c196ea9924dcc63e3d788a145483c88ef412b36aa3b0683469a3ae4bb70ebb4df15184df127dfff6f52312ac93584a954c82f8ca32b1ac07d066867f924a5594968b6e63d7,a3684812642ea867e7e290e3d6de4f4ebd9c25a6c67e380f485ec55b51a71be4047db01222a032dcaad4fc34680b11d17b3421d18b579c1dcc645e3b7a851997d6465fb18730f20af729833fb7d2da6644d82a24b4c831c1f5b35b98cee054f6f12a732af2d1c0465c7fa49d10bb81fe6c85b9262214fc21a96c5d0011e0f62a,e6c976684923258c2c49b6df413eeea531f15f62
f720ff172b8705bd9e097df0d1311b116bb8a126a6470ad40bc88def3b96743bd46b4accd4f673c95fa2dadb501f0a6e6d2bb0497616558349e9c9fbacfdf2f37d0be6364bce86deead4cf04aa701da5805ebebf826a50c2c193d603eaba54b0f7f3e78099a3c97631e510a2751fc5a8cddf398186d2eaa951d5e14c9914bdde,bfad71e6b182ed1a21a38e73b0ad5ad82150b88393704d52796b4915d068ee41ff952135075d2db26832107f3a62a44fc5e63652c2fba0b9bd019799b2723aac1a9c319a52c9ecd5719eaaadd278eb98ec56ee3eba20f1054f5267eab33f8374db1d8e226e30f722e24a486cd9f01a1d94c5c7ad1a958b2be11ef1301d2e4524,9ee8c103cae3652a24506ee08fe010dd26979944
c40d3e2e25250925af9d56619e53a6d5a17b83aba0a5930bfa7860513669de519f010af82ccd0d08df2c5d271095d3e90ed72e34948f993f996b088fab5de36a4fd58243ca14edb70fd7c3baaa8813406be5c44cab40adb101e58fa65a274503c575b23354b80cde7cede6c6be63bc6142c845dc7e060ebe9fd14aea6f756f1a,6f52999cb708a6826ac9f9b61ad0b27bdb2bfbb4107f2c3ef8d7f4e10502544b7f985af58e2777e4869109b59750912b552520f3b3925f08538f9b021e122246a4819c1facf17732254d21159a21e31fac5120461ead0ec235fd1bece6778ed120946c63a7f9868c376b7592d0b000a7f839fe8d56472f910a614465ce10a551,6d32294698a022d24795254ac78124693327ecc8
103ece40f760b1d4d32c2857edfe4d9e581bfe81627afef845a07be93003e92a4e1e4109c03bc180f9839d1e1eacaabde2240a17ccbfc8773c5e5dcf8c3461bca67fbe316295a276945870060e61c8e86f2a5079c919de2d7e60f08c067f47e64843aa26b674176b4e1542f22c51a379a45276eb3bdbc3545ec962ff53b695a0,5a47a312a0f4e4ca06bc37e2776e7c9bde540ba7318464790c2e95ea05b84e97712a2505995702ffc0121712aa2d6c88436a19eaa5503db7f1fa23eff992303b3c590386b3c5f8a57d7dec05265f6f01fef3b518cb98c6e199e2496349422e06ac8c10fcb01d112c83e7aa7a5718f65ab0936e051665ad04978570e68669091a,7b89ab6e37c4572b933ccef576acd5a7e79d8dbf
e233f65b21d1506875052e2f4588e5007f6f78105460622e76a105cf187d8434e74105d8d412a93429110f1beff9ac64d3b5f9037d73ba38e63d284749f5818e3619abf62958f9f93539d5d6d45c887022c7699a8230546de1cbe652f7355712f79bb9056610a07a2e648f90bea904645c9f1a21da02dee820afc609ab1b62a1,c38f788bb6e589a4b24c18bc1dbe6897c50bb0e579c8097ab9b71ac6b3ec2367d24709015304ff37a0c736744a6eae3c4b5f8abef15255632a127c69c4faf1636e0627f5062ecf51513f83d4eb0b97c7a9f8508aca3b979d6e83b5a3ed25a2f45ae8207696689ccc751d7ca030b81c0a503f980b621bc9d57ce5581e029c5139,873f2bea8b107b7e18d1da8ba660124c1ba033a8
24b396a60899dc00c7dbd3b2b2fe9d06e5d17a9977b72f11d2ab276dd9c459616acd3f3b431d50a636d66c310e944270a2947f05b3d6c3a8438062f31180610570a33ab481bf1382f3a125725a53b3b7ff6f7bef9b200d6728179d7628862ffba7f607f337fe01437dfd4fa96271499d577aa4e8637c0a219ee0e459586bc3d2,630b5436df053299b3498c4c2b88959f1775f358768cf5c994c2fe96e05c83da8cd521614a0d923fa77c4db1648b0e7f632c829f8a6abe1e4d71f2da7e0926bbc0fd07da8c1738f472d6b6ff021fcd18084e91ed500e6912bb35771608270158bd33cc2373506f752a09d7813e87999f870ecc98344b11671722ee3bb4439942,09698b95033f4862b25b2baec21ca976d3528fcc
82a6fe5d6986723894fdb1f82b3154acf1c59767e9f052b275dd082cfa0ae83c5ec330d6e7383e8934203e7fac6524af153da32c2f0e2105e85848a8d006e7684f8cc439c7ae41e6057133b61abd0b6ff7d8b3ffc8ffa6d00f14cf6d68c7a4a7127871b8d310bd6d3dfe8500e9cb64f501bc233612aa92ccd19b35dc7ce1b0c9,93cc2bca00122474bbd1083afa228668f3b1dd67cd8416a3eae191c990d1263f1b9a01c450c2e4df9e8accf7e1ba334a3510813bf0def473b3a9f9b9364cfc26c8ed238867fecc84540c581681f28e119891444ed0e3f806c95d41a98b2a4ac676c4eeb3139f939128923c7b45449ae0d0f01b243cab924cb8c9dba1fd36448b,1fe0607a18a5911e283e98dbfe01503f8290e3c0
a9146b813581071051121b568d10889f667cc2972090a692f48a5d7625a81fe7170b3d505d6c381fabe9347dae896e65846a6911ebf085a5941d95b1ab8be6007e1877510102b0db775ef7b137ced79eb7a8ffefdbaaa817ee13e2b17852bb8fab0bedc8034d4f9d30e86da4d2c8cf714a819ec5bb4d2a1c30bdfec04f7d3810,88f45e1f0f44d4c567ae1a7d2f45edaff356a92c66077edf945257c85cf62afc11ca6c1ad5d039657ac7ae86eb82369c5b02d0ae5b4048eea5a5e2c2149857e4abb2a8bacc8c5f8013233790999418c3435fbf47c3362f2a772f00cbd908fab777bdddb5e2708517020bbf6b23037ae10e5f98ff0c11df4b0db229a22c79fc4a,35ff1b65120707fa2bb4fd0dd4f73daa270d9369
fe6e6cbfe5a8574eb14d5fea0b5f36b535409a320416d190fb3f50ed3dccdb58afb5f8031cb201e762ec1a6d9b6c0856a370cc8409124e4025f166a1a160155168503b7e8bff88881d3017dc677543efb35fb55f9795e0855438581270bb18a9f1fc1fb5c2430312cacd8ace97d131555b04fe012fe2331f5e9cc9f1bd71d861,83b68d7a561f49b0a588ddacbef91e63db6ef2f7d03f43f338cd43860bc720b819fe89e8a2856b440a9a36f7fd57decad7baa0db07c119bc4c11550a145d01d94c3d601b4cbe06716348d6d38e9a2b4641f3d74e1ea8176e09c5cc0c6445fee62f50a54ab58ab4d12e178486ed68b6a3c0157c89e95ffd81946aa2a9aca434d9,f88ac2b1a5e69dca6e2dda133cd9b46531e6e8c3
66284303af3bccfa8991191d8f864bf0db0bfe1f0fab8dac6c8c9361ad5e5776b86898a1bbe89457117b0cb6a5b92aa065dae03fa254251671e1a7b97c69c20191f60746de3a0cc8e7523acb923b8569da87802fdf468db34cad9a635ae45b87f89952d21e01bfe4ed1c589a49dc54c56b556899507e46f32158cdba3bc44f20,dee5e9d39a2a2437bd182040f8f042f70108e12b672d4bf9ac1f6abf5ba8bbea341f3a52007e0de173d859ed0241f93b0cc2fed3ac949cbad890a7020b1a35d6b868799beb3402d86c7e7965224c42e2fb13ddf62db14b5449a9eb614f27c5cd095115d3914171b098f20b54a223695b153f33f2e600f8e219f774397794170a,0d41e6d6494f210e2b7cfe96c2ad937c2e369617
