# block(64 bytes hex),sapHash(16 bytes hex)
00000000000000000000000000000000000000000000000000000000000000000000000000000000000000000000000000000000000000000000000000000000,43c47c142dbc88badb51f54d3ff1e1ec
ffffffffffffffffffffffffffffffffffffffffffffffffffffffffffffffffffffffffffffffffffffffffffffffffffffffffffffffffffffffffffffffff,63a4497a24b707a249c808e787d446d1
6b0e5fa4de6f3da9261e7ce6206afb7a2fcdb8ae902802b45cc50403d8b91de3906c57dfed135adbf059e2b112e28bb679c5b3b8a392e574609fec87ba56b25c,d069f3b6c6e477ca8be5ee66055e1cc9
4df56ed1c30716480b54bac66df5b7f5464997ba73a87b2e8a05cc2f606717032b4c20264fd09a455544ca4668963dccd18053a2f4ab14987a59cebbfd85f3dc,ec048ae968005f7e507d1e9f89eff81c
bc98a012bdc4c4ff70ca3bc4f893d55416f87c141828e76463b87e7123a1b1c8f3690776c4cdef950db0ffbdce4fe80977bf397c859f9fa81f7a80ba71ca0bc1,bf22e96b015e6076407c7caf6a484930
01cd90706b24ed593c7602c8dee63aa0c2a82a5451902daaff17731c283efeaa688302651ab26c3a9554437f056e68f191b80d3e426d3a10dac96104312d5e39,a284f31efceb1c8cb8814688b178d014
81f81ac65599f14e40caec536a759e3ea62547c2ec5127dcee7837de3decbed7c7f8ad166cfbc51bbee1148444950150f021520a1055de925d5d2bddb7cdef87,f761102015452f5c23990f4aecae0a5f
d6402f7853f709d4069d57cf928febdb8a1cb9fe209cced97772c14ac5dd1294727d6734d7082aad86febf4b0080583097093ed619629be5ef0b448d24c4ba5e,841fff55033d2959be57727a0fc5f00d
a19872f0195f913983ceb6d32d1aba24d706d4c5a4c64b18fbc9d8b4dcdbf29ad1e3d1be32b082baf8c0402f3c62ec8f671a5fb1e5823507053360ffd42bbc4b,db85b10e75542016ff2f933df92819a3
54f418cf344fb201190c3d255dbfba062bcc70fe77010ba59cd71fe47fef4d4c1c51c35dde0624be488304a06b97950f0a5bfc5d738a504badb9249d3c233ebe,174b8371d028e7ce1846aa593a97024b
bc7a3cfa3695f5b76dd7db0d4fcdaa6e88a80685faf61f0c7693713865f47cebd7fa51e5fb3ebb2b564093a506099f662cf451bf19c8551dc2c47874079ba690,25b396b703b6cc69681118e3fb8e1407
4d6576e8e9aacdc3e4f06bf6fd6e70287934add50a08e2e03727aa3b2c44b9f867e4d22d49930a07282006e3ad4c46216604275b9c84f328fcf0d98a90b0558f,7e8dbdd6efc842e3fe7e640121d7d47a
a2f867581ae6f20f658da24500b81d5b71f1bf17054007f1d8437b4941975fdc56e45f2cbf4430de039a215d53c274d39fe6f0fcf0c0d050d31ff6c5d3a5322f,9978c36e2a17437f8ed48628a9c5359e
13f1b376604fa9e32d6a866cefccba81b17423824201b450bce52e32fd4ec74c7ab33c3bb935ddddc0d736eb82d02f887d5472b335f790dbd6d17f754a2bbffa,a9936583092c1676cf90ab4bfd56521b
555d6220880a59f020d12d62cdde148d05bb6593057c81f55af2cc92697ad72b7927665af9c9ae98530f0d3100f7a73831877ffdf6088dda306b81451c992bc9,d7cfaa987061a6af05cfb2139ea0227c
16f2502dac394855081a05480e46d4806a9ef3b49e5222233233a624413a9bae956c961f125c3fe382ad26876622c2058b2f230f8774bc84317724391e483c59,92d6d494e3da7fbedc97c55269ac364b
3bba2bba501c11574e74509704889b4910be4a047d58bedc9d6b6b11c44463da97ce2bb998b8ad8898d14bf2677b82e5a1e8ee63c7449ef96e9770af6abef6c5,27ba70ed1a7d03d4e5efb567115fa862
059c3b52f2167f8caffda1c5d6a191c04ccbcaa97543a051c48e79f22589b1ab0f0d7dc0ad45f2414c6b6aeedc2fc09d2fc4e5a6e32596b0e49d7b07c475e84a,058f5149b0f6c2cf31f9b98172e27911
70774ffb89e3ab6089a1ae4cae92e9e5d1baa18faf48ef4b60514ad91edccd167358753a025b12f435a93c70694e233212c4409b11998335a5148fb191b5fc9b,e70061fd5535bc4bb69c75edcc0233c1
d83f36898bae4d4c02963819859aa693d51aeb9766c93c5e9efb07b2797c8f1d8117c3702d225af214a3a224c5aa1bba1ca190a49e5bd936fd2122adb44d1f94,0b4d20786fda57f06c997433fc48468f
e30180810bd63630608e0907e386051ef557db9e5027588ca66ae8af3b1f4a7442a911f916615d1cb3ef1d95ced0e6c662b939d6e557a5dc84e60d1d3b5b74c1,53869fff829cd39cc304603560dec18b
e0dcf27e49e16e1f1c55727f91ba865f1216cb4f1dd31d81b0d615601929675b902e2f12fbb802eb2c2fcfd8b28e1eb71c0c05d384fe8394c2637a2b1dc73480,98264f6ab7a02553f7e94b7303d923a0
1987f0a7baf024201d09df06af013bf87ef3f72fa4f704c812d6630acba10a3b610862f145d6d046c4aa94b313550c4aceb8788d2b1dc8b0b3780b0a1de1ee8a,0ea577e4036e142839d156d27a344c50
93073f0f58b393aad1949b125a4b5619e9e253569acc6fdf5d432175658f94e488ae27d4863dc5a75d3dea26549c54b44c94b64abb5c3b44ac41581bf8143096,ac2246b8f9707dad4001640f244ffd78
e1af3280c1fed6f8ca751528ec09709d84c3a2f789ca6e045133be24c523219ea84eaa7f4810c2c7d6c1f3c05b7f83ec5b9eb4c109459e6405a39526dbb51917,8e2b6212edf326b31604b2b86a7df30e
3ed6749e38646801e1cd25bcc999656fc843a2f39b81cfe00cf41c19135f05c9e438aca014acc34fb9de5fd5e6a72cf901d41efd700cfe480ef1be7311893102,869ee7068373594229a40fd627a84893
eed3047bf4da07279e0027bde7a6998504cca807136f8392ff0fcf6340d2e49449e9694aedad339e5d4499712c6e11f83e2d8596575f767b1e7e68e564941725,cf7100bbc00f2a7910cf8646e7d349fe
2cb65ef61191666684a9e39cfe20851d6aef5a756fe16930d362657e801587e5f387eb18be645d82a454c9c764afdc4fead45d1a458c27c9d502e8f8f0297ff6,6b42009d4370c30f92a3285ba5dbd588
f30d57209860ef352f5f86ee6efc0af7354f395e84cfab45225f2c300d0f15af99a78423a438131ea0c4aff2a04f1a21905115e0189a1bcbce1e10b4f26a7a29,c633f784142e0ce24190b8f8c73ba6f8
fe38b8f4fc9e0583044b448dd00c7fdc62a10bd19f42f25dc0765a85244af77ce39f1a3ae08ad90c9c8305ec39e328d22bd944667724824df20e3fb822d9cac7,30b416c5b478125b1981b29ca54fb214
691e62874aa11796e5df8a0f3c09c7f201d03e1144d8f4bbbba796785a9b5d247e91a60dd804d413075cf3f475b7b0de08df0a79b14630a0c09af67a25295487,583152645c050e4f1f0b5750058e7d8f
08d54243919693721d6eb43154213c9fcde8df5349a3e5b1aac9a72a55b5bbb9f60d834b5f05178fc8c5a94a7e837a6b59dc1809cef5d79a967a72cf30be7af0,a92f5499b9994bb89b3187196a3718fb
04481289088959c982b23fa21435c58a23af0f99d4f2eff04b99a15c52273ba3f64fb0621ea48fc99bc276812f6175025268a40dd7c3d58ebb695d6b71691187,ba12255af53476015f6017f69daa45fe
4f2eae7641542e6bfbb9fc93c45d04cde8956250964208fbe5dd99e6895fadca9db06d5af237e54cef9c8f91cfed0b21bd83c32002a058d7406c162a6c5c80ff,ad4576b164631a61806d5a1b056ff1e0
f59f3d835b1b43b15824f5b33b40a3f6972a6d49204f89e7369a53a87cc73a3dc15a739c585c21499c69c464a6b111c3b630543a5abda8c5668cfe1e27d5e28d,f1c49a45e13aa8c3f601c7d473ff5a55
f8d0e4986f27ec75975c749eaf5a905fbe85d5edacef2c011689b5bea03f4589b39aa1929d407bcb100d61f9042a5c20898f5ccc97b9ef008017de26a07da228,26af624275b68577d20175e1b3b090eb
d0de909992bb6b636a02ff6f4d9178c68e71ec54ad69ebdf3756ac244b130ef3270843afbbdf6f9276bca119bcc3367fa25911c2788ad7582540c371aa7c5594,f7dfbe9f8e1e5cc8da2ccee5c4fc205c
46c721523632d86462919e871b18159110084368cff5b5e3432ed31c251692ac98d595120a4eb56e1403a4baaefa8cf83ec4c8c5d37f0ff068e60e14448b147d,2740ec337ccbae7c5a6ba419d53a91bb
997604ed56521319f19e7b3c546a66eb269b0060ea7650e4cba4f8f922ca605ce929b1bf064418aad45185c90005ba619943281317c4323e9c13ee22d0f38b64,c8beebe2bb6a36001cc9b3dc385ae282
249ee9ae38d6eed33f0f0e8840e0156e4a6492859b2edc27b7a43db56794c43ad896a6fcf31613f49127daf2a606afb1fe03f6965dea3e3d0b4c508f669dfad3,c135638d6c62d50bbc25dc371eedee48
